Note,,Drop,0->na,Bin,OHE,name,size,nonzero_size,dtype,variation,types
,,,,,,MSSubClass,1460,1460,int64,15,"[20, 30, 40, 45, 50, 60, 70, 75, 80, 85, 90, 120, 160, 180, 190]"
,,,,,,MSZoning,1460,1460,object,5,"['C (all)', 'FV', 'RH', 'RL', 'RM']"
,,,,x,x,LotFrontage,1201,1201,float64,110,"[21.0, 24.0, 30.0, 32.0, 33.0, 34.0, 35.0, 36.0, 37.0, 38.0, 39.0, 40.0, 41.0, 42.0, 43.0, 44.0, 45.0, 46.0, 47.0, 48.0, 49.0, 50.0, 51.0, 52.0, 53.0, 54.0, 55.0, 56.0, 57.0, 58.0, 59.0, 60.0, 61.0, 62.0, 63.0, 64.0, 65.0, 66.0, 67.0, 68.0, 69.0, 70.0, 71.0, 72.0, 73.0, 74.0, 75.0, 76.0, 77.0, 78.0, 79.0, 80.0, 81.0, 82.0, 83.0, 84.0, 85.0, 86.0, 87.0, 88.0, 89.0, 90.0, 91.0, 92.0, 93.0, 94.0, 95.0, 96.0, 97.0, 98.0, 99.0, 100.0, 101.0, 102.0, 103.0, 104.0, 105.0, 106.0, 107.0, 108.0, 109.0, 110.0, 111.0, 112.0, 114.0, 115.0, 116.0, 118.0, 120.0, 121.0, 122.0, 124.0, 128.0, 129.0, 130.0, 134.0, 137.0, 138.0, 140.0, 141.0, 144.0, 149.0, 150.0, 152.0, 153.0, 160.0, 168.0, 174.0, 182.0, 313.0]"
,,,,x,x,LotArea,1460,1460,int64,1073,"[1300, 1477, 1491, 1526, 1533, 1596, 1680, 1869, 1890, 1920, 1936, 1950, 1953, 1974, 2001, 2016, 2117, 2160, 2217, 2268, 2280, 2289, 2308, 2368, 2448, 2500, 2522, 2544, 2572, 2592, 2628, 2645, 2651, 2665, 2887, 3000, 3010, 3013, 3072, 3136, 3180, 3182, 3196, 3230, 3316, 3363, 3378, 3500, 3600, 3604, 3635, 3636, 3675, 3684, 3696, 3735, 3842, 3880, 3922, 3950, 3951, 3964, 3982, 4017, 4043, 4045, 4058, 4060, 4118, 4130, 4224, 4230, 4251, 4270, 4274, 4280, 4282, 4388, 4400, 4403, 4426, 4435, 4438, 4456, 4500, 4571, 4590, 4608, 4671, 4712, 4750, 4800, 4920, 4923, 4928, 5000, 5001, 5062, 5063, 5100, 5105, 5119, 5232, 5250, 5271, 5306, 5310, 5330, 5350, 5362, 5381, 5389, 5395, 5400, 5436, 5500, 5520, 5586, 5587, 5600, 5604, 5664, 5684, 5687, 5700, 5720, 5784, 5790, 5814, 5820, 5825, 5868, 5890, 5900, 5925, 6000, 6040, 6060, 6120, 6130, 6155, 6171, 6173, 6180, 6204, 6240, 6270, 6292, 6300, 6305, 6324, 6342, 6371, 6380, 6402, 6420, 6435, 6442, 6563, 6600, 6627, 6629, 6762, 6768, 6780, 6792, 6820, 6853, 6858, 6882, 6897, 6900, 6911, 6930, 6931, 6951, 6955, 6960, 6970, 6979, 6993, 7000, 7015, 7018, 7024, 7032, 7050, 7052, 7056, 7060, 7064, 7082, 7094, 7100, 7128, 7134, 7136, 7150, 7153, 7162, 7175, 7180, 7200, 7207, 7226, 7227, 7244, 7252, 7259, 7264, 7301, 7313, 7314, 7332, 7340, 7350, 7388, 7390, 7399, 7406, 7407, 7415, 7420, 7438, 7446, 7449, 7472, 7500, 7535, 7540, 7558, 7560, 7577, 7585, 7588, 7590, 7596, 7599, 7630, 7642, 7658, 7677, 7681, 7685, 7700, 7711, 7728, 7740, 7742, 7750, 7758, 7763, 7795, 7800, 7804, 7819, 7820, 7837, 7838, 7844, 7851, 7861, 7862, 7875, 7879, 7892, 7910, 7917, 7920, 7922, 7930, 7931, 7937, 7943, 7945, 7950, 7990, 8000, 8004, 8012, 8029, 8049, 8063, 8064, 8068, 8070, 8072, 8089, 8100, 8120, 8121, 8123, 8125, 8158, 8160, 8163, 8172, 8176, 8190, 8197, 8198, 8199, 8200, 8212, 8235, 8244, 8246, 8248, 8250, 8263, 8280, 8281, 8294, 8314, 8320, 8335, 8339, 8366, 8385, 8393, 8400, 8402, 8405, 8410, 8414, 8430, 8445, 8450, 8461, 8462, 8470, 8471, 8472, 8475, 8480, 8487, 8499, 8500, 8520, 8521, 8525, 8529, 8530, 8532, 8536, 8544, 8546, 8556, 8562, 8593, 8600, 8633, 8635, 8640, 8658, 8688, 8700, 8712, 8724, 8730, 8731, 8737, 8738, 8740, 8741, 8749, 8750, 8755, 8760, 8765, 8767, 8769, 8773, 8775, 8777, 8780, 8791, 8795, 8800, 8814, 8816, 8820, 8834, 8846, 8849, 8850, 8854, 8872, 8877, 8880, 8885, 8892, 8899, 8900, 8910, 8923, 8924, 8925, 8926, 8930, 8935, 8944, 8960, 8963, 8967, 8973, 8978, 8990, 8993, 9000, 9017, 9018, 9020, 9022, 9037, 9042, 9056, 9060, 9066, 9069, 9084, 9098, 9100, 9101, 9120, 9125, 9130, 9135, 9142, 9144, 9150, 9156, 9158, 9170, 9179, 9180, 9187, 9196, 9200, 9204, 9206, 9230, 9236, 9240, 9245, 9246, 9247, 9248, 9250, 9262, 9286, 9291, 9297, 9300, 9303, 9313, 9317, 9320, 9337, 9340, 9350, 9353, 9360, 9364, 9375, 9382, 9400, 9405, 9416, 9430, 9439, 9450, 9452, 9453, 9464, 9473, 9477, 9480, 9490, 9492, 9500, 9503, 9505, 9520, 9525, 9531, 9541, 9548, 9549, 9550, 9554, 9560, 9571, 9572, 9587, 9588, 9590, 9591, 9600, 9612, 9636, 9638, 9650, 9672, 9675, 9717, 9735, 9738, 9742, 9750, 9758, 9760, 9764, 9765, 9786, 9790, 9800, 9803, 9808, 9819, 9825, 9828, 9830, 9842, 9849, 9855, 9858, 9873, 9880, 9900, 9906, 9920, 9937, 9938, 9945, 9947, 9950, 9965, 9967, 9986, 9991, 10000, 10004, 10005, 10007, 10010, 10011, 10012, 10020, 10029, 10041, 10083, 10084, 10106, 10120, 10125, 10134, 10140, 10141, 10142, 10150, 10152, 10159, 10171, 10175, 10182, 10186, 10192, 10197, 10200, 10205, 10206, 10207, 10208, 10215, 10226, 10237, 10240, 10246, 10261, 10264, 10267, 10289, 10300, 10304, 10316, 10320, 10335, 10355, 10356, 10357, 10364, 10380, 10382, 10386, 10395, 10400, 10402, 10410, 10420, 10421, 10434, 10437, 10440, 10448, 10452, 10463, 10475, 10480, 10482, 10496, 10500, 10530, 10542, 10552, 10562, 10570, 10574, 10592, 10593, 10594, 10603, 10615, 10624, 10625, 10628, 10634, 10635, 10637, 10650, 10652, 10655, 10656, 10659, 10665, 10667, 10678, 10680, 10690, 10708, 10712, 10721, 10728, 10762, 10768, 10769, 10778, 10780, 10784, 10791, 10793, 10800, 10832, 10839, 10846, 10852, 10859, 10880, 10896, 10900, 10918, 10920, 10921, 10927, 10930, 10944, 10970, 10991, 10994, 10998, 11000, 11003, 11029, 11040, 11049, 11050, 11065, 11070, 11075, 11096, 11100, 11103, 11120, 11143, 11146, 11160, 11170, 11175, 11184, 11194, 11198, 11200, 11207, 11210, 11214, 11216, 11218, 11228, 11235, 11241, 11248, 11249, 11250, 11275, 11287, 11302, 11308, 11310, 11316, 11317, 11333, 11340, 11341, 11344, 11345, 11361, 11362, 11367, 11394, 11400, 11404, 11409, 11414, 11423, 11425, 11426, 11428, 11435, 11443, 11457, 11475, 11478, 11500, 11512, 11526, 11553, 11584, 11600, 11606, 11616, 11625, 11639, 11643, 11645, 11664, 11670, 11694, 11700, 11717, 11751, 11764, 11767, 11777, 11782, 11787, 11796, 11838, 11839, 11841, 11844, 11846, 11851, 11880, 11883, 11885, 11888, 11900, 11911, 11923, 11924, 11932, 11952, 11957, 11988, 11999, 12000, 12003, 12011, 12030, 12046, 12085, 12090, 12095, 12099, 12108, 12118, 12122, 12134, 12137, 12144, 12150, 12155, 12160, 12168, 12180, 12182, 12203, 12205, 12209, 12220, 12224, 12227, 12243, 12244, 12256, 12257, 12274, 12327, 12328, 12342, 12354, 12358, 12376, 12378, 12384, 12393, 12394, 12400, 12416, 12420, 12435, 12438, 12444, 12456, 12461, 12464, 12474, 12493, 12508, 12513, 12537, 12546, 12552, 12589, 12615, 12640, 12665, 12677, 12692, 12702, 12704, 12735, 12772, 12798, 12800, 12803, 12822, 12886, 12898, 12900, 12919, 12925, 12936, 12968, 12984, 13000, 13005, 13006, 13031, 13053, 13072, 13101, 13125, 13132, 13159, 13173, 13175, 13214, 13265, 13284, 13286, 13300, 13346, 13350, 13360, 13400, 13418, 13450, 13472, 13474, 13478, 13500, 13501, 13515, 13517, 13518, 13526, 13560, 13568, 13600, 13650, 13651, 13673, 13680, 13682, 13688, 13693, 13695, 13700, 13704, 13710, 13728, 13758, 13811, 13825, 13837, 13860, 13869, 13891, 13907, 14000, 14006, 14054, 14100, 14112, 14115, 14145, 14154, 14157, 14175, 14191, 14200, 14215, 14226, 14230, 14260, 14303, 14331, 14364, 14375, 14442, 14450, 14536, 14541, 14559, 14572, 14585, 14587, 14598, 14601, 14684, 14720, 14762, 14774, 14778, 14781, 14803, 14850, 14859, 14892, 14948, 14963, 14977, 15138, 15256, 15306, 15384, 15426, 15431, 15498, 15523, 15576, 15578, 15593, 15602, 15611, 15623, 15660, 15750, 15863, 15865, 15870, 16033, 16056, 16059, 16157, 16158, 16196, 16226, 16259, 16285, 16321, 16381, 16466, 16492, 16545, 16560, 16635, 16647, 16659, 16669, 16692, 16737, 16770, 16905, 17043, 17104, 17120, 17140, 17217, 17400, 17423, 17500, 17503, 17542, 17600, 17671, 17755, 17871, 17920, 18000, 18030, 18386, 18450, 18800, 18890, 19138, 19296, 19378, 19690, 19900, 20431, 20544, 20781, 20896, 21000, 21286, 21384, 21453, 21535, 21695, 21750, 21780, 21872, 21930, 22420, 22950, 23257, 23595, 24090, 24682, 25000, 25095, 25286, 25339, 25419, 26142, 26178, 27650, 28698, 29959, 31770, 32463, 32668, 34650, 35133, 35760, 36500, 39104, 40094, 45600, 46589, 50271, 53107, 53227, 53504, 57200, 63887, 70761, 115149, 159000, 164660, 215245]"
,,,,,x,Street,1460,1460,object,2,"['Grvl', 'Pave']"
データ少ないので削除,,x,-,-,-,Alley,91,91,object,2,"['Grvl', 'Pave']"
,,,,,x,LotShape,1460,1460,object,4,"['IR1', 'IR2', 'IR3', 'Reg']"
,,,,,x,LandContour,1460,1460,object,4,"['Bnk', 'HLS', 'Low', 'Lvl']"
,,,,,x,Utilities,1460,1460,object,2,"['AllPub', 'NoSeWa']"
,,,,,x,LotConfig,1460,1460,object,5,"['Corner', 'CulDSac', 'FR2', 'FR3', 'Inside']"
,,,,,x,LandSlope,1460,1460,object,3,"['Gtl', 'Mod', 'Sev']"
,,,,,x,Neighborhood,1460,1460,object,25,"['Blmngtn', 'Blueste', 'BrDale', 'BrkSide', 'ClearCr', 'CollgCr', 'Crawfor', 'Edwards', 'Gilbert', 'IDOTRR', 'MeadowV', 'Mitchel', 'NAmes', 'NPkVill', 'NWAmes', 'NoRidge', 'NridgHt', 'OldTown', 'SWISU', 'Sawyer', 'SawyerW', 'Somerst', 'StoneBr', 'Timber', 'Veenker']"
,,,,,x,Condition1,1460,1460,object,9,"['Artery', 'Feedr', 'Norm', 'PosA', 'PosN', 'RRAe', 'RRAn', 'RRNe', 'RRNn']"
,,,,,x,Condition2,1460,1460,object,8,"['Artery', 'Feedr', 'Norm', 'PosA', 'PosN', 'RRAe', 'RRAn', 'RRNn']"
,,,,,x,BldgType,1460,1460,object,5,"['1Fam', '2fmCon', 'Duplex', 'Twnhs', 'TwnhsE']"
,,,,,x,HouseStyle,1460,1460,object,8,"['1.5Fin', '1.5Unf', '1Story', '2.5Fin', '2.5Unf', '2Story', 'SFoyer', 'SLvl']"
分布かたよってないのでそのまま数値扱いで良い,,,,,,OverallQual,1460,1460,int64,10,"[1, 2, 3, 4, 5, 6, 7, 8, 9, 10]"
分布かたよってないのでそのまま数値扱いで良い,,,,,,OverallCond,1460,1460,int64,9,"[1, 2, 3, 4, 5, 6, 7, 8, 9]"
,,,,x,x,YearBuilt,1460,1460,int64,112,"[1872, 1875, 1880, 1882, 1885, 1890, 1892, 1893, 1898, 1900, 1904, 1905, 1906, 1908, 1910, 1911, 1912, 1913, 1914, 1915, 1916, 1917, 1918, 1919, 1920, 1921, 1922, 1923, 1924, 1925, 1926, 1927, 1928, 1929, 1930, 1931, 1932, 1934, 1935, 1936, 1937, 1938, 1939, 1940, 1941, 1942, 1945, 1946, 1947, 1948, 1949, 1950, 1951, 1952, 1953, 1954, 1955, 1956, 1957, 1958, 1959, 1960, 1961, 1962, 1963, 1964, 1965, 1966, 1967, 1968, 1969, 1970, 1971, 1972, 1973, 1974, 1975, 1976, 1977, 1978, 1979, 1980, 1981, 1982, 1983, 1984, 1985, 1986, 1987, 1988, 1989, 1990, 1991, 1992, 1993, 1994, 1995, 1996, 1997, 1998, 1999, 2000, 2001, 2002, 2003, 2004, 2005, 2006, 2007, 2008, 2009, 2010]"
該当なしの場合YearBuiltと同じ。NAにしておくべきか。次回以降にやる,,x,,,,YearRemodAdd,1460,1460,int64,61,"[1950, 1951, 1952, 1953, 1954, 1955, 1956, 1957, 1958, 1959, 1960, 1961, 1962, 1963, 1964, 1965, 1966, 1967, 1968, 1969, 1970, 1971, 1972, 1973, 1974, 1975, 1976, 1977, 1978, 1979, 1980, 1981, 1982, 1983, 1984, 1985, 1986, 1987, 1988, 1989, 1990, 1991, 1992, 1993, 1994, 1995, 1996, 1997, 1998, 1999, 2000, 2001, 2002, 2003, 2004, 2005, 2006, 2007, 2008, 2009, 2010]"
,,,,,x,RoofStyle,1460,1460,object,6,"['Flat', 'Gable', 'Gambrel', 'Hip', 'Mansard', 'Shed']"
,,,,,x,RoofMatl,1460,1460,object,8,"['ClyTile', 'CompShg', 'Membran', 'Metal', 'Roll', 'Tar&Grv', 'WdShake', 'WdShngl']"
,,,,,x,Exterior1st,1460,1460,object,15,"['AsbShng', 'AsphShn', 'BrkComm', 'BrkFace', 'CBlock', 'CemntBd', 'HdBoard', 'ImStucc', 'MetalSd', 'Plywood', 'Stone', 'Stucco', 'VinylSd', 'Wd Sdng', 'WdShing']"
,,,,,x,Exterior2nd,1460,1460,object,16,"['AsbShng', 'AsphShn', 'Brk Cmn', 'BrkFace', 'CBlock', 'CmentBd', 'HdBoard', 'ImStucc', 'MetalSd', 'Other', 'Plywood', 'Stone', 'Stucco', 'VinylSd', 'Wd Sdng', 'Wd Shng']"
,,,,,x,MasVnrType,1452,1452,object,4,"['BrkCmn', 'BrkFace', 'None', 'Stone']"
0が一定あるが化粧張なしのケースか。0以外が一定数あるので残す。,,,x,x,x,MasVnrArea,1452,591,float64,327,"[0.0, 1.0, 11.0, 14.0, 16.0, 18.0, 22.0, 24.0, 27.0, 28.0, 30.0, 31.0, 32.0, 34.0, 36.0, 38.0, 40.0, 41.0, 42.0, 44.0, 45.0, 46.0, 48.0, 50.0, 51.0, 53.0, 54.0, 56.0, 57.0, 60.0, 63.0, 64.0, 65.0, 66.0, 67.0, 68.0, 70.0, 72.0, 74.0, 75.0, 76.0, 80.0, 81.0, 82.0, 84.0, 85.0, 86.0, 88.0, 89.0, 90.0, 92.0, 94.0, 95.0, 96.0, 97.0, 98.0, 99.0, 100.0, 101.0, 102.0, 104.0, 105.0, 106.0, 108.0, 109.0, 110.0, 112.0, 113.0, 114.0, 115.0, 116.0, 117.0, 119.0, 120.0, 122.0, 123.0, 125.0, 126.0, 127.0, 128.0, 130.0, 132.0, 135.0, 136.0, 137.0, 138.0, 140.0, 142.0, 143.0, 144.0, 145.0, 146.0, 147.0, 148.0, 149.0, 150.0, 151.0, 153.0, 154.0, 156.0, 157.0, 158.0, 160.0, 161.0, 162.0, 163.0, 164.0, 165.0, 166.0, 167.0, 168.0, 169.0, 170.0, 171.0, 172.0, 174.0, 175.0, 176.0, 178.0, 180.0, 182.0, 183.0, 184.0, 186.0, 188.0, 189.0, 192.0, 194.0, 196.0, 200.0, 202.0, 203.0, 204.0, 205.0, 206.0, 207.0, 208.0, 209.0, 210.0, 212.0, 215.0, 216.0, 218.0, 219.0, 220.0, 223.0, 224.0, 225.0, 226.0, 228.0, 230.0, 232.0, 233.0, 234.0, 236.0, 237.0, 238.0, 240.0, 243.0, 244.0, 245.0, 246.0, 247.0, 248.0, 250.0, 252.0, 254.0, 255.0, 256.0, 258.0, 259.0, 260.0, 261.0, 262.0, 263.0, 266.0, 268.0, 270.0, 272.0, 274.0, 275.0, 278.0, 280.0, 281.0, 284.0, 285.0, 286.0, 287.0, 288.0, 289.0, 290.0, 292.0, 293.0, 294.0, 295.0, 296.0, 297.0, 298.0, 299.0, 300.0, 302.0, 304.0, 305.0, 306.0, 309.0, 310.0, 312.0, 315.0, 318.0, 320.0, 324.0, 328.0, 333.0, 335.0, 336.0, 337.0, 338.0, 340.0, 342.0, 344.0, 348.0, 350.0, 351.0, 359.0, 360.0, 361.0, 362.0, 365.0, 366.0, 368.0, 370.0, 375.0, 376.0, 378.0, 380.0, 381.0, 387.0, 388.0, 391.0, 396.0, 399.0, 408.0, 410.0, 412.0, 415.0, 420.0, 423.0, 424.0, 425.0, 426.0, 428.0, 432.0, 435.0, 436.0, 438.0, 442.0, 443.0, 448.0, 450.0, 451.0, 452.0, 456.0, 459.0, 464.0, 466.0, 468.0, 472.0, 473.0, 479.0, 480.0, 481.0, 491.0, 500.0, 506.0, 510.0, 513.0, 528.0, 530.0, 541.0, 554.0, 562.0, 564.0, 567.0, 571.0, 573.0, 576.0, 579.0, 584.0, 594.0, 600.0, 603.0, 604.0, 616.0, 621.0, 630.0, 632.0, 640.0, 650.0, 651.0, 653.0, 660.0, 664.0, 673.0, 705.0, 731.0, 748.0, 760.0, 762.0, 766.0, 768.0, 772.0, 788.0, 796.0, 816.0, 860.0, 870.0, 894.0, 921.0, 922.0, 975.0, 1031.0, 1047.0, 1115.0, 1129.0, 1170.0, 1378.0, 1600.0]"
,,,,,x,ExterQual,1460,1460,object,4,"['Ex', 'Fa', 'Gd', 'TA']"
,,,,,x,ExterCond,1460,1460,object,5,"['Ex', 'Fa', 'Gd', 'Po', 'TA']"
,,,,,x,Foundation,1460,1460,object,6,"['BrkTil', 'CBlock', 'PConc', 'Slab', 'Stone', 'Wood']"
,,,,,x,BsmtQual,1423,1423,object,4,"['Ex', 'Fa', 'Gd', 'TA']"
,,,,,x,BsmtCond,1423,1423,object,4,"['Fa', 'Gd', 'Po', 'TA']"
,,,,,x,BsmtExposure,1422,1422,object,4,"['Av', 'Gd', 'Mn', 'No']"
,,,,,x,BsmtFinType1,1423,1423,object,6,"['ALQ', 'BLQ', 'GLQ', 'LwQ', 'Rec', 'Unf']"
0が一定あるが地下室なしのケースか,,,x,x,x,BsmtFinSF1,1460,993,int64,637,"[0, 2, 16, 20, 24, 25, 27, 28, 33, 35, 36, 40, 41, 48, 49, 50, 56, 57, 63, 64, 72, 75, 80, 81, 94, 104, 108, 111, 116, 120, 125, 129, 131, 133, 138, 141, 144, 150, 152, 156, 162, 165, 167, 168, 170, 176, 179, 180, 182, 185, 187, 188, 189, 191, 192, 193, 194, 196, 197, 203, 204, 206, 209, 210, 212, 213, 216, 218, 219, 220, 222, 223, 224, 226, 228, 231, 234, 236, 239, 240, 241, 247, 248, 249, 250, 251, 252, 256, 257, 259, 262, 264, 266, 270, 273, 275, 280, 281, 282, 284, 285, 288, 290, 292, 294, 296, 297, 298, 299, 300, 301, 306, 308, 309, 310, 311, 312, 315, 317, 319, 320, 321, 322, 324, 326, 328, 329, 330, 331, 334, 336, 338, 340, 341, 344, 348, 349, 350, 351, 352, 353, 354, 356, 358, 360, 361, 364, 365, 368, 369, 370, 371, 374, 375, 377, 378, 379, 380, 381, 383, 384, 385, 386, 387, 388, 390, 392, 394, 397, 398, 399, 400, 402, 403, 404, 405, 408, 410, 412, 414, 415, 416, 417, 419, 420, 421, 422, 423, 425, 426, 427, 428, 429, 430, 432, 436, 437, 438, 439, 440, 442, 443, 444, 445, 448, 450, 454, 456, 457, 459, 460, 462, 464, 465, 468, 471, 477, 480, 482, 483, 484, 485, 486, 489, 490, 492, 493, 495, 498, 500, 503, 504, 505, 506, 507, 509, 510, 512, 513, 515, 516, 518, 520, 521, 522, 523, 524, 528, 532, 533, 534, 535, 536, 538, 539, 540, 543, 544, 546, 547, 548, 549, 550, 551, 552, 553, 554, 556, 559, 560, 562, 564, 565, 566, 567, 568, 569, 570, 572, 573, 575, 578, 580, 584, 585, 586, 588, 592, 593, 594, 595, 599, 600, 602, 603, 604, 605, 607, 608, 609, 611, 612, 614, 616, 617, 619, 620, 622, 623, 624, 625, 626, 630, 631, 632, 633, 637, 639, 641, 642, 643, 644, 645, 646, 648, 649, 650, 651, 655, 656, 658, 659, 660, 661, 662, 663, 664, 666, 668, 672, 673, 674, 678, 679, 680, 684, 685, 686, 689, 690, 692, 694, 695, 696, 697, 698, 699, 700, 702, 704, 705, 706, 708, 712, 713, 714, 716, 719, 720, 724, 728, 731, 732, 733, 734, 735, 737, 738, 739, 740, 742, 746, 747, 748, 750, 751, 756, 759, 762, 763, 765, 767, 769, 772, 773, 774, 775, 776, 777, 778, 781, 783, 784, 786, 787, 788, 789, 790, 795, 803, 804, 806, 808, 810, 812, 814, 816, 819, 821, 822, 824, 827, 828, 830, 831, 832, 833, 836, 837, 840, 841, 842, 846, 851, 852, 854, 859, 860, 862, 863, 865, 866, 867, 871, 874, 883, 885, 892, 894, 895, 896, 897, 899, 900, 902, 903, 904, 905, 906, 912, 915, 916, 919, 920, 922, 925, 929, 932, 936, 938, 941, 943, 945, 946, 956, 958, 965, 967, 969, 970, 975, 976, 978, 980, 982, 984, 985, 986, 987, 988, 990, 991, 994, 998, 1000, 1002, 1003, 1004, 1005, 1012, 1013, 1014, 1016, 1018, 1022, 1024, 1032, 1036, 1039, 1040, 1046, 1053, 1056, 1059, 1064, 1065, 1070, 1071, 1074, 1078, 1079, 1082, 1084, 1085, 1086, 1088, 1097, 1104, 1106, 1110, 1116, 1121, 1124, 1126, 1128, 1138, 1148, 1150, 1153, 1154, 1157, 1158, 1159, 1162, 1163, 1165, 1170, 1172, 1173, 1180, 1186, 1196, 1198, 1200, 1201, 1213, 1216, 1218, 1219, 1220, 1231, 1234, 1236, 1237, 1238, 1246, 1247, 1249, 1258, 1260, 1261, 1270, 1274, 1277, 1280, 1282, 1283, 1285, 1288, 1300, 1302, 1309, 1314, 1320, 1324, 1330, 1332, 1334, 1336, 1338, 1350, 1351, 1358, 1361, 1369, 1373, 1386, 1387, 1390, 1398, 1400, 1406, 1410, 1416, 1422, 1436, 1440, 1441, 1443, 1445, 1447, 1455, 1456, 1460, 1464, 1470, 1480, 1513, 1518, 1540, 1567, 1572, 1573, 1606, 1619, 1636, 1646, 1696, 1721, 1767, 1810, 1880, 1904, 2096, 2188, 2260, 5644]"
Unf => 204 なので使えないのでは。削除する。,,x,-,-,-,BsmtFinType2,1422,1422,object,6,"['ALQ', 'BLQ', 'GLQ', 'LwQ', 'Rec', 'Unf']"
,,x,-,-,-,BsmtFinSF2,1460,167,int64,144,"[0, 28, 32, 35, 40, 41, 64, 68, 80, 81, 93, 96, 105, 106, 108, 110, 117, 119, 121, 123, 125, 127, 128, 132, 139, 144, 147, 149, 150, 163, 165, 168, 169, 173, 174, 175, 177, 180, 181, 182, 184, 193, 202, 208, 210, 211, 215, 219, 228, 230, 232, 239, 240, 258, 264, 273, 276, 279, 287, 290, 294, 306, 311, 324, 334, 336, 344, 345, 352, 354, 362, 374, 375, 377, 380, 391, 396, 400, 411, 420, 435, 438, 441, 465, 466, 468, 469, 472, 479, 480, 486, 491, 492, 495, 499, 500, 506, 531, 532, 539, 544, 546, 547, 551, 557, 580, 600, 606, 608, 612, 620, 627, 630, 634, 645, 661, 668, 670, 682, 690, 692, 712, 713, 723, 764, 768, 791, 820, 823, 841, 869, 872, 906, 972, 1029, 1031, 1057, 1061, 1063, 1080, 1085, 1120, 1127, 1474]"
,,,,x,x,BsmtUnfSF,1460,1342,int64,780,"[0, 14, 15, 23, 26, 29, 30, 32, 35, 36, 38, 39, 40, 50, 55, 60, 61, 64, 70, 72, 74, 75, 76, 77, 78, 80, 81, 82, 83, 84, 88, 89, 90, 92, 93, 95, 96, 99, 100, 102, 103, 104, 105, 107, 108, 110, 111, 112, 113, 114, 115, 117, 119, 120, 121, 122, 124, 125, 126, 130, 131, 132, 133, 134, 135, 136, 138, 140, 141, 142, 143, 148, 149, 150, 151, 153, 154, 155, 156, 160, 161, 162, 163, 165, 166, 167, 168, 169, 170, 171, 172, 173, 174, 175, 176, 177, 178, 179, 180, 184, 186, 187, 188, 189, 190, 191, 192, 193, 195, 196, 197, 198, 200, 201, 203, 204, 207, 208, 210, 212, 216, 217, 218, 219, 220, 221, 223, 224, 225, 227, 229, 230, 234, 235, 237, 238, 239, 240, 241, 242, 244, 245, 246, 247, 248, 250, 251, 252, 253, 254, 255, 256, 257, 261, 262, 264, 266, 268, 270, 273, 274, 276, 277, 278, 279, 280, 281, 284, 285, 286, 288, 289, 290, 291, 292, 293, 294, 295, 297, 298, 299, 300, 301, 303, 304, 305, 308, 309, 310, 311, 312, 314, 315, 316, 317, 318, 319, 320, 321, 322, 323, 324, 326, 328, 331, 333, 334, 336, 338, 340, 341, 342, 343, 344, 348, 349, 350, 352, 354, 355, 356, 357, 359, 360, 361, 363, 364, 365, 366, 367, 370, 371, 372, 374, 375, 378, 379, 380, 381, 383, 384, 386, 387, 389, 390, 392, 396, 397, 398, 399, 400, 402, 403, 404, 405, 406, 408, 409, 410, 411, 412, 413, 414, 415, 416, 417, 418, 420, 422, 424, 425, 426, 427, 428, 429, 430, 431, 432, 434, 435, 438, 440, 441, 442, 444, 445, 447, 448, 449, 450, 452, 456, 457, 458, 459, 460, 461, 462, 463, 464, 465, 466, 467, 468, 470, 473, 474, 476, 479, 480, 481, 482, 483, 484, 485, 486, 487, 488, 490, 491, 495, 496, 499, 500, 501, 503, 504, 506, 508, 510, 512, 515, 516, 519, 520, 522, 524, 525, 526, 528, 530, 533, 536, 537, 538, 539, 540, 542, 543, 544, 545, 546, 548, 549, 550, 551, 552, 554, 556, 557, 560, 563, 564, 567, 568, 570, 571, 572, 574, 576, 577, 578, 580, 585, 586, 588, 589, 594, 595, 596, 598, 599, 600, 602, 604, 605, 606, 611, 612, 616, 619, 620, 622, 624, 625, 626, 628, 630, 635, 636, 637, 638, 640, 641, 645, 648, 649, 650, 651, 652, 656, 658, 660, 661, 662, 664, 666, 668, 671, 672, 673, 676, 678, 680, 684, 686, 689, 690, 691, 692, 693, 697, 698, 700, 701, 702, 705, 706, 707, 708, 709, 710, 712, 715, 717, 718, 720, 721, 722, 724, 725, 726, 728, 730, 731, 732, 733, 734, 735, 736, 739, 740, 741, 742, 744, 746, 747, 748, 750, 752, 755, 756, 758, 761, 762, 764, 765, 768, 769, 770, 772, 773, 774, 776, 777, 778, 779, 780, 783, 784, 785, 788, 791, 792, 793, 794, 795, 796, 797, 798, 799, 801, 803, 804, 806, 808, 810, 811, 812, 813, 814, 815, 816, 818, 823, 831, 832, 833, 834, 840, 841, 844, 846, 847, 849, 858, 859, 860, 861, 862, 864, 866, 868, 871, 874, 876, 877, 878, 879, 880, 882, 884, 891, 892, 893, 894, 896, 899, 901, 905, 906, 907, 912, 914, 916, 918, 920, 924, 925, 926, 927, 930, 932, 935, 936, 939, 940, 941, 948, 952, 953, 958, 960, 961, 964, 967, 968, 969, 970, 971, 972, 975, 976, 977, 978, 982, 983, 988, 989, 993, 994, 995, 999, 1005, 1007, 1008, 1010, 1012, 1013, 1017, 1020, 1026, 1030, 1032, 1035, 1042, 1043, 1045, 1048, 1050, 1053, 1055, 1063, 1064, 1065, 1072, 1073, 1074, 1078, 1079, 1082, 1085, 1088, 1090, 1092, 1094, 1095, 1097, 1098, 1099, 1104, 1107, 1116, 1117, 1120, 1121, 1122, 1125, 1128, 1129, 1139, 1140, 1141, 1143, 1145, 1152, 1158, 1163, 1164, 1176, 1181, 1184, 1191, 1194, 1195, 1198, 1200, 1203, 1212, 1217, 1221, 1226, 1228, 1232, 1234, 1237, 1240, 1249, 1252, 1257, 1258, 1264, 1266, 1273, 1276, 1284, 1286, 1288, 1290, 1293, 1296, 1302, 1304, 1307, 1316, 1319, 1330, 1335, 1342, 1346, 1349, 1351, 1352, 1357, 1362, 1367, 1368, 1372, 1373, 1374, 1375, 1380, 1390, 1392, 1393, 1405, 1406, 1410, 1413, 1417, 1420, 1422, 1424, 1428, 1434, 1436, 1442, 1450, 1459, 1468, 1470, 1480, 1482, 1489, 1494, 1496, 1497, 1498, 1502, 1515, 1528, 1530, 1541, 1550, 1560, 1566, 1571, 1573, 1580, 1584, 1588, 1594, 1603, 1616, 1622, 1626, 1630, 1632, 1638, 1649, 1652, 1656, 1670, 1680, 1686, 1689, 1694, 1709, 1710, 1734, 1752, 1753, 1768, 1774, 1777, 1795, 1800, 1836, 1869, 1905, 1907, 1926, 1935, 1969, 2002, 2042, 2046, 2121, 2153, 2336]"
,,,,x,x,TotalBsmtSF,1460,1423,int64,721,"[0, 105, 190, 264, 270, 290, 319, 360, 372, 384, 408, 420, 440, 458, 462, 480, 482, 483, 485, 504, 506, 520, 525, 528, 530, 533, 536, 539, 540, 544, 546, 547, 551, 559, 560, 561, 570, 572, 576, 585, 588, 596, 600, 602, 608, 611, 612, 616, 617, 622, 624, 625, 626, 630, 636, 637, 641, 644, 648, 649, 650, 651, 654, 655, 656, 658, 660, 661, 662, 663, 672, 673, 676, 680, 683, 684, 686, 689, 690, 691, 693, 696, 697, 698, 700, 702, 704, 707, 708, 709, 710, 712, 713, 714, 715, 716, 718, 720, 721, 723, 725, 727, 728, 729, 731, 732, 735, 736, 738, 740, 741, 742, 744, 746, 747, 750, 755, 756, 757, 761, 764, 765, 768, 770, 771, 773, 774, 776, 777, 778, 780, 783, 784, 788, 789, 791, 792, 793, 794, 795, 796, 798, 799, 800, 802, 803, 804, 806, 807, 808, 810, 811, 813, 814, 815, 816, 817, 818, 819, 822, 824, 825, 828, 831, 832, 833, 836, 839, 840, 841, 844, 845, 846, 847, 848, 849, 853, 854, 855, 856, 858, 859, 860, 861, 862, 864, 866, 868, 870, 872, 873, 874, 876, 879, 880, 882, 883, 884, 888, 892, 893, 894, 896, 900, 901, 907, 908, 910, 911, 912, 913, 915, 916, 918, 920, 923, 924, 925, 926, 927, 928, 930, 931, 932, 935, 936, 938, 939, 940, 941, 942, 943, 944, 945, 948, 950, 951, 952, 953, 954, 955, 956, 958, 959, 960, 961, 963, 964, 965, 967, 968, 969, 970, 971, 972, 973, 974, 975, 976, 978, 979, 980, 981, 982, 983, 984, 985, 988, 990, 991, 992, 993, 994, 996, 998, 999, 1001, 1002, 1003, 1004, 1005, 1006, 1007, 1008, 1010, 1012, 1013, 1017, 1019, 1020, 1021, 1022, 1024, 1026, 1028, 1029, 1030, 1032, 1034, 1039, 1040, 1041, 1042, 1048, 1050, 1051, 1052, 1053, 1054, 1055, 1056, 1057, 1058, 1059, 1060, 1062, 1063, 1064, 1065, 1067, 1069, 1070, 1073, 1074, 1075, 1078, 1079, 1080, 1082, 1084, 1085, 1086, 1088, 1090, 1092, 1094, 1095, 1096, 1097, 1098, 1099, 1100, 1103, 1104, 1105, 1106, 1107, 1108, 1109, 1112, 1113, 1114, 1116, 1117, 1120, 1121, 1122, 1125, 1126, 1127, 1128, 1132, 1134, 1136, 1138, 1140, 1141, 1142, 1143, 1144, 1145, 1148, 1149, 1150, 1151, 1152, 1153, 1154, 1156, 1157, 1158, 1160, 1161, 1162, 1163, 1164, 1165, 1175, 1176, 1181, 1184, 1187, 1188, 1190, 1192, 1193, 1194, 1195, 1196, 1198, 1199, 1200, 1202, 1203, 1204, 1205, 1208, 1210, 1212, 1214, 1215, 1216, 1218, 1219, 1220, 1221, 1223, 1224, 1225, 1226, 1228, 1232, 1234, 1235, 1237, 1240, 1241, 1242, 1244, 1246, 1247, 1248, 1249, 1251, 1252, 1253, 1256, 1257, 1258, 1260, 1261, 1262, 1264, 1266, 1267, 1268, 1269, 1271, 1272, 1273, 1274, 1276, 1277, 1278, 1281, 1284, 1286, 1288, 1291, 1293, 1296, 1297, 1298, 1299, 1300, 1302, 1304, 1306, 1309, 1310, 1311, 1314, 1316, 1318, 1319, 1324, 1328, 1330, 1332, 1337, 1338, 1340, 1344, 1346, 1347, 1349, 1350, 1352, 1356, 1358, 1360, 1361, 1362, 1364, 1367, 1368, 1370, 1372, 1373, 1374, 1375, 1379, 1383, 1385, 1386, 1389, 1390, 1391, 1392, 1393, 1394, 1396, 1398, 1405, 1406, 1408, 1410, 1413, 1414, 1416, 1417, 1419, 1422, 1424, 1425, 1428, 1430, 1431, 1434, 1436, 1437, 1440, 1442, 1444, 1452, 1453, 1454, 1459, 1461, 1462, 1463, 1466, 1468, 1470, 1473, 1475, 1476, 1477, 1478, 1479, 1482, 1484, 1485, 1486, 1488, 1489, 1490, 1494, 1496, 1498, 1499, 1500, 1501, 1502, 1504, 1505, 1510, 1516, 1517, 1518, 1520, 1522, 1525, 1530, 1533, 1536, 1541, 1542, 1552, 1554, 1559, 1560, 1561, 1563, 1565, 1566, 1567, 1568, 1571, 1572, 1573, 1574, 1575, 1580, 1581, 1582, 1584, 1588, 1593, 1594, 1595, 1598, 1600, 1602, 1604, 1606, 1610, 1614, 1616, 1617, 1620, 1622, 1623, 1624, 1626, 1629, 1630, 1632, 1638, 1643, 1649, 1650, 1652, 1654, 1656, 1657, 1660, 1670, 1673, 1680, 1682, 1683, 1684, 1686, 1689, 1694, 1698, 1700, 1702, 1704, 1705, 1709, 1710, 1713, 1719, 1720, 1722, 1726, 1728, 1732, 1734, 1742, 1746, 1752, 1753, 1763, 1766, 1768, 1777, 1792, 1795, 1800, 1809, 1814, 1822, 1833, 1836, 1838, 1842, 1844, 1845, 1848, 1856, 1860, 1868, 1869, 1896, 1902, 1905, 1907, 1922, 1926, 1930, 1932, 1935, 1947, 1952, 1976, 1980, 1986, 1992, 2000, 2002, 2006, 2033, 2035, 2042, 2046, 2076, 2077, 2078, 2109, 2110, 2121, 2136, 2153, 2158, 2216, 2217, 2223, 2330, 2392, 2396, 2444, 2524, 2633, 3094, 3138, 3200, 3206, 6110]"
,,,,,x,Heating,1460,1460,object,6,"['Floor', 'GasA', 'GasW', 'Grav', 'OthW', 'Wall']"
,,,,,x,HeatingQC,1460,1460,object,5,"['Ex', 'Fa', 'Gd', 'Po', 'TA']"
,,,,,x,CentralAir,1460,1460,object,2,"['N', 'Y']"
,,,,,x,Electrical,1459,1459,object,5,"['FuseA', 'FuseF', 'FuseP', 'Mix', 'SBrkr']"
,,,,,x,1stFlrSF,1460,1460,int64,753,"[334, 372, 438, 480, 483, 495, 520, 525, 526, 536, 546, 551, 561, 572, 575, 576, 581, 596, 600, 605, 612, 616, 624, 625, 626, 630, 649, 658, 660, 661, 663, 664, 672, 673, 676, 679, 680, 682, 684, 686, 689, 691, 693, 694, 696, 697, 698, 702, 703, 707, 708, 713, 716, 720, 725, 728, 729, 734, 735, 736, 738, 741, 742, 747, 750, 751, 752, 753, 754, 755, 756, 757, 760, 764, 765, 767, 768, 769, 770, 772, 773, 774, 778, 779, 780, 783, 784, 786, 788, 789, 790, 792, 793, 794, 796, 798, 799, 800, 802, 803, 804, 806, 807, 808, 810, 811, 812, 813, 814, 815, 816, 818, 820, 822, 824, 825, 827, 829, 831, 832, 833, 835, 838, 840, 841, 842, 845, 846, 847, 848, 849, 851, 854, 855, 856, 858, 859, 860, 861, 864, 865, 866, 869, 872, 874, 875, 876, 877, 879, 880, 882, 884, 885, 886, 887, 888, 889, 892, 893, 894, 896, 897, 899, 900, 901, 902, 904, 905, 907, 908, 909, 910, 912, 913, 914, 915, 916, 918, 920, 923, 924, 925, 926, 927, 928, 929, 930, 932, 933, 935, 936, 938, 939, 941, 943, 944, 948, 949, 950, 951, 952, 953, 954, 955, 956, 958, 959, 960, 961, 962, 963, 964, 965, 966, 968, 969, 970, 971, 972, 974, 975, 976, 977, 979, 980, 981, 983, 984, 985, 986, 988, 989, 990, 991, 992, 993, 996, 997, 998, 999, 1001, 1002, 1003, 1004, 1005, 1006, 1007, 1008, 1010, 1012, 1013, 1014, 1015, 1020, 1021, 1022, 1024, 1026, 1028, 1029, 1032, 1034, 1035, 1036, 1038, 1039, 1040, 1041, 1042, 1044, 1047, 1048, 1050, 1051, 1052, 1053, 1054, 1055, 1056, 1057, 1058, 1060, 1061, 1062, 1063, 1064, 1065, 1067, 1068, 1069, 1071, 1072, 1073, 1074, 1075, 1077, 1078, 1079, 1080, 1082, 1085, 1086, 1088, 1089, 1090, 1091, 1092, 1094, 1095, 1096, 1097, 1098, 1099, 1100, 1103, 1104, 1105, 1107, 1108, 1110, 1112, 1113, 1114, 1116, 1117, 1118, 1120, 1121, 1122, 1124, 1125, 1126, 1127, 1128, 1130, 1131, 1132, 1133, 1134, 1136, 1137, 1138, 1140, 1141, 1142, 1143, 1144, 1145, 1146, 1148, 1149, 1150, 1152, 1153, 1154, 1155, 1156, 1158, 1159, 1160, 1161, 1163, 1164, 1165, 1166, 1167, 1168, 1170, 1172, 1173, 1175, 1178, 1180, 1181, 1182, 1184, 1186, 1187, 1188, 1190, 1192, 1194, 1195, 1196, 1199, 1200, 1203, 1204, 1207, 1208, 1210, 1211, 1212, 1214, 1215, 1216, 1217, 1218, 1220, 1221, 1222, 1223, 1224, 1225, 1226, 1228, 1229, 1232, 1234, 1235, 1236, 1238, 1240, 1241, 1242, 1244, 1246, 1247, 1248, 1249, 1251, 1252, 1253, 1256, 1258, 1260, 1261, 1262, 1264, 1265, 1266, 1268, 1269, 1272, 1274, 1276, 1277, 1279, 1281, 1282, 1283, 1284, 1285, 1287, 1288, 1291, 1294, 1296, 1297, 1298, 1299, 1301, 1302, 1304, 1306, 1307, 1309, 1310, 1314, 1316, 1318, 1319, 1320, 1324, 1325, 1327, 1328, 1332, 1334, 1336, 1337, 1338, 1339, 1340, 1342, 1344, 1349, 1350, 1352, 1357, 1358, 1360, 1361, 1362, 1363, 1364, 1368, 1370, 1372, 1375, 1377, 1378, 1381, 1382, 1383, 1389, 1390, 1391, 1392, 1394, 1402, 1405, 1407, 1411, 1412, 1414, 1416, 1419, 1422, 1423, 1425, 1426, 1428, 1429, 1430, 1431, 1432, 1434, 1436, 1437, 1440, 1442, 1444, 1445, 1453, 1454, 1456, 1459, 1462, 1464, 1465, 1466, 1468, 1470, 1472, 1473, 1476, 1478, 1479, 1482, 1484, 1486, 1489, 1490, 1493, 1494, 1496, 1498, 1500, 1501, 1502, 1504, 1505, 1506, 1507, 1509, 1512, 1516, 1518, 1520, 1521, 1523, 1525, 1526, 1530, 1532, 1533, 1535, 1536, 1537, 1541, 1542, 1547, 1548, 1549, 1552, 1553, 1554, 1555, 1557, 1559, 1560, 1561, 1563, 1566, 1567, 1569, 1571, 1572, 1573, 1574, 1575, 1576, 1578, 1580, 1582, 1584, 1586, 1588, 1593, 1600, 1601, 1602, 1604, 1610, 1614, 1616, 1617, 1619, 1620, 1621, 1622, 1624, 1625, 1629, 1630, 1632, 1634, 1636, 1640, 1644, 1646, 1647, 1651, 1652, 1654, 1656, 1657, 1659, 1660, 1661, 1663, 1664, 1668, 1670, 1675, 1679, 1680, 1682, 1684, 1686, 1687, 1689, 1690, 1694, 1696, 1698, 1699, 1700, 1701, 1702, 1704, 1707, 1709, 1710, 1712, 1713, 1717, 1718, 1719, 1720, 1721, 1724, 1726, 1728, 1733, 1734, 1742, 1746, 1752, 1766, 1768, 1771, 1776, 1779, 1787, 1788, 1792, 1795, 1800, 1801, 1803, 1811, 1824, 1826, 1828, 1831, 1836, 1838, 1839, 1842, 1844, 1848, 1850, 1856, 1867, 1869, 1872, 1888, 1898, 1902, 1905, 1922, 1932, 1940, 1944, 1959, 1966, 1968, 1973, 1976, 1980, 1987, 1992, 2000, 2018, 2020, 2028, 2036, 2042, 2046, 2053, 2069, 2073, 2076, 2084, 2097, 2110, 2113, 2117, 2121, 2129, 2136, 2156, 2158, 2196, 2207, 2217, 2223, 2234, 2259, 2364, 2392, 2402, 2411, 2444, 2515, 2524, 2633, 2898, 3138, 3228, 4692]"
,,,x,x,x,2ndFlrSF,1460,631,int64,417,"[0, 110, 167, 192, 208, 213, 220, 224, 240, 252, 272, 299, 304, 316, 319, 325, 332, 336, 348, 349, 351, 358, 368, 370, 371, 378, 384, 390, 403, 406, 408, 430, 432, 438, 439, 441, 445, 448, 454, 455, 456, 457, 462, 464, 467, 468, 472, 473, 475, 482, 495, 504, 510, 511, 512, 514, 517, 518, 520, 521, 523, 524, 526, 527, 530, 533, 534, 539, 540, 545, 546, 547, 548, 550, 551, 556, 557, 560, 561, 564, 566, 567, 568, 571, 573, 574, 576, 580, 581, 582, 584, 586, 587, 589, 590, 591, 592, 595, 596, 600, 601, 602, 605, 611, 612, 620, 622, 623, 625, 626, 628, 630, 631, 634, 636, 639, 640, 644, 648, 649, 650, 651, 653, 656, 660, 661, 664, 665, 668, 670, 672, 676, 677, 678, 679, 682, 684, 685, 686, 687, 688, 689, 691, 694, 695, 698, 700, 701, 702, 703, 704, 707, 708, 709, 711, 712, 713, 714, 716, 717, 720, 725, 727, 728, 729, 730, 732, 734, 738, 739, 741, 742, 743, 744, 745, 748, 750, 752, 754, 755, 756, 761, 762, 764, 765, 766, 767, 768, 769, 772, 776, 778, 779, 780, 783, 784, 785, 787, 788, 790, 793, 795, 796, 797, 798, 800, 804, 806, 807, 808, 809, 811, 812, 813, 817, 826, 828, 829, 830, 831, 832, 833, 834, 836, 838, 840, 842, 843, 844, 846, 848, 850, 854, 855, 857, 858, 860, 862, 864, 866, 868, 870, 871, 872, 873, 874, 875, 876, 878, 880, 881, 882, 883, 884, 885, 886, 887, 888, 892, 895, 896, 898, 900, 901, 902, 903, 904, 908, 910, 912, 913, 914, 915, 918, 920, 924, 925, 928, 929, 930, 932, 933, 936, 939, 940, 941, 950, 954, 956, 960, 966, 971, 975, 977, 978, 979, 980, 981, 983, 984, 985, 988, 989, 992, 994, 998, 1000, 1001, 1015, 1017, 1020, 1028, 1031, 1032, 1037, 1038, 1039, 1040, 1044, 1051, 1053, 1054, 1060, 1063, 1066, 1067, 1070, 1072, 1080, 1081, 1088, 1092, 1093, 1096, 1097, 1098, 1100, 1101, 1103, 1104, 1106, 1111, 1112, 1116, 1120, 1121, 1122, 1128, 1129, 1134, 1140, 1141, 1142, 1151, 1152, 1157, 1160, 1168, 1169, 1174, 1175, 1177, 1178, 1182, 1185, 1194, 1196, 1200, 1203, 1208, 1215, 1216, 1218, 1230, 1237, 1242, 1243, 1254, 1257, 1259, 1274, 1276, 1281, 1286, 1288, 1296, 1304, 1306, 1312, 1320, 1323, 1330, 1332, 1336, 1347, 1349, 1357, 1360, 1362, 1370, 1392, 1414, 1426, 1427, 1440, 1479, 1518, 1519, 1523, 1538, 1540, 1589, 1611, 1796, 1818, 1872, 2065]"
"状態悪いエリア面積, != 0は26件なので削除",,x,-,-,-,LowQualFinSF,1460,26,int64,24,"[0, 53, 80, 120, 144, 156, 205, 232, 234, 360, 371, 384, 390, 392, 397, 420, 473, 479, 481, 513, 514, 515, 528, 572]"
,,,,x,x,GrLivArea,1460,1460,int64,861,"[334, 438, 480, 520, 605, 616, 630, 672, 691, 693, 694, 698, 708, 720, 729, 747, 752, 754, 764, 767, 768, 773, 774, 778, 780, 784, 788, 789, 790, 792, 796, 800, 803, 804, 813, 816, 825, 827, 832, 833, 835, 838, 840, 841, 845, 848, 854, 858, 860, 861, 864, 866, 869, 872, 874, 875, 882, 884, 886, 892, 893, 894, 899, 900, 901, 902, 904, 907, 910, 912, 913, 914, 918, 923, 924, 925, 928, 930, 932, 935, 936, 938, 943, 944, 948, 950, 951, 952, 954, 955, 958, 960, 964, 965, 968, 969, 970, 971, 972, 974, 980, 981, 985, 986, 987, 988, 990, 996, 999, 1002, 1003, 1004, 1005, 1006, 1008, 1012, 1015, 1020, 1022, 1026, 1028, 1029, 1032, 1034, 1039, 1040, 1041, 1044, 1047, 1048, 1050, 1052, 1053, 1054, 1056, 1057, 1060, 1062, 1063, 1065, 1067, 1068, 1069, 1072, 1073, 1074, 1077, 1078, 1080, 1082, 1086, 1088, 1090, 1092, 1094, 1095, 1096, 1097, 1098, 1099, 1100, 1102, 1103, 1108, 1109, 1110, 1111, 1112, 1113, 1114, 1116, 1117, 1118, 1120, 1121, 1122, 1123, 1124, 1125, 1126, 1128, 1130, 1131, 1132, 1134, 1135, 1136, 1137, 1138, 1140, 1141, 1142, 1144, 1145, 1146, 1148, 1150, 1152, 1154, 1155, 1158, 1159, 1163, 1164, 1165, 1166, 1167, 1173, 1176, 1178, 1180, 1181, 1183, 1184, 1188, 1190, 1192, 1194, 1196, 1198, 1199, 1200, 1203, 1204, 1208, 1211, 1212, 1214, 1215, 1216, 1217, 1218, 1220, 1221, 1223, 1224, 1225, 1226, 1228, 1229, 1230, 1232, 1234, 1235, 1236, 1240, 1241, 1242, 1244, 1246, 1247, 1248, 1250, 1251, 1252, 1253, 1256, 1258, 1261, 1262, 1264, 1265, 1266, 1268, 1269, 1271, 1274, 1276, 1277, 1279, 1283, 1284, 1285, 1287, 1288, 1291, 1294, 1296, 1297, 1298, 1301, 1302, 1304, 1306, 1308, 1309, 1310, 1314, 1316, 1317, 1319, 1320, 1322, 1324, 1327, 1328, 1334, 1336, 1337, 1338, 1339, 1340, 1342, 1343, 1344, 1346, 1347, 1348, 1349, 1350, 1352, 1355, 1357, 1358, 1360, 1362, 1363, 1364, 1365, 1367, 1368, 1369, 1370, 1372, 1374, 1375, 1376, 1378, 1381, 1382, 1383, 1385, 1386, 1387, 1389, 1391, 1392, 1393, 1394, 1395, 1396, 1400, 1402, 1405, 1406, 1411, 1412, 1414, 1416, 1419, 1422, 1425, 1426, 1428, 1429, 1430, 1431, 1432, 1434, 1436, 1437, 1440, 1441, 1442, 1445, 1446, 1452, 1453, 1456, 1458, 1459, 1464, 1466, 1468, 1469, 1470, 1471, 1472, 1473, 1474, 1475, 1476, 1477, 1478, 1479, 1481, 1482, 1484, 1486, 1487, 1489, 1490, 1493, 1494, 1496, 1498, 1500, 1501, 1502, 1504, 1505, 1506, 1507, 1509, 1510, 1511, 1512, 1513, 1516, 1517, 1518, 1520, 1522, 1523, 1524, 1525, 1526, 1529, 1530, 1533, 1535, 1536, 1537, 1539, 1541, 1547, 1548, 1550, 1552, 1553, 1554, 1555, 1556, 1557, 1558, 1559, 1560, 1561, 1563, 1564, 1566, 1567, 1569, 1571, 1572, 1573, 1574, 1575, 1576, 1577, 1578, 1580, 1582, 1584, 1586, 1588, 1590, 1593, 1595, 1600, 1601, 1602, 1603, 1604, 1605, 1608, 1610, 1611, 1614, 1616, 1617, 1620, 1621, 1622, 1624, 1625, 1626, 1629, 1630, 1632, 1634, 1635, 1636, 1638, 1639, 1640, 1641, 1644, 1646, 1647, 1651, 1652, 1654, 1656, 1657, 1658, 1659, 1660, 1661, 1663, 1664, 1665, 1666, 1668, 1670, 1671, 1674, 1675, 1679, 1680, 1682, 1683, 1684, 1686, 1687, 1688, 1689, 1690, 1691, 1692, 1694, 1696, 1698, 1699, 1700, 1701, 1702, 1704, 1707, 1708, 1709, 1710, 1712, 1713, 1714, 1716, 1717, 1718, 1719, 1720, 1721, 1724, 1725, 1726, 1728, 1732, 1733, 1734, 1738, 1739, 1740, 1742, 1743, 1744, 1746, 1750, 1752, 1756, 1761, 1762, 1764, 1766, 1767, 1768, 1771, 1774, 1775, 1776, 1779, 1784, 1786, 1787, 1788, 1790, 1792, 1795, 1796, 1797, 1800, 1801, 1802, 1803, 1804, 1811, 1812, 1818, 1820, 1824, 1826, 1828, 1829, 1836, 1838, 1839, 1840, 1842, 1844, 1845, 1846, 1848, 1850, 1851, 1852, 1855, 1856, 1861, 1863, 1865, 1867, 1868, 1869, 1872, 1876, 1886, 1888, 1889, 1894, 1895, 1902, 1904, 1905, 1908, 1911, 1912, 1913, 1915, 1919, 1920, 1922, 1923, 1924, 1928, 1929, 1932, 1933, 1935, 1936, 1939, 1940, 1944, 1947, 1948, 1949, 1950, 1953, 1954, 1958, 1959, 1960, 1961, 1962, 1964, 1968, 1969, 1970, 1971, 1973, 1976, 1977, 1978, 1980, 1981, 1982, 1983, 1986, 1987, 1989, 1991, 1992, 1993, 2000, 2002, 2007, 2008, 2013, 2018, 2019, 2020, 2021, 2022, 2028, 2030, 2031, 2034, 2035, 2036, 2042, 2046, 2054, 2057, 2058, 2060, 2062, 2069, 2073, 2076, 2078, 2080, 2082, 2084, 2087, 2090, 2093, 2094, 2097, 2098, 2108, 2110, 2112, 2113, 2117, 2119, 2121, 2126, 2127, 2132, 2134, 2136, 2138, 2142, 2144, 2149, 2153, 2156, 2157, 2158, 2161, 2167, 2169, 2172, 2183, 2184, 2192, 2196, 2198, 2200, 2201, 2207, 2210, 2217, 2223, 2224, 2229, 2230, 2234, 2236, 2240, 2243, 2256, 2259, 2260, 2262, 2263, 2267, 2270, 2274, 2285, 2287, 2290, 2291, 2295, 2296, 2320, 2324, 2329, 2332, 2337, 2340, 2344, 2345, 2353, 2358, 2364, 2365, 2372, 2374, 2376, 2380, 2392, 2398, 2402, 2403, 2414, 2417, 2418, 2447, 2448, 2450, 2452, 2462, 2466, 2468, 2473, 2482, 2504, 2514, 2515, 2519, 2520, 2521, 2524, 2526, 2531, 2554, 2555, 2574, 2576, 2596, 2599, 2601, 2610, 2612, 2614, 2620, 2622, 2624, 2630, 2633, 2634, 2640, 2643, 2646, 2654, 2668, 2696, 2704, 2713, 2715, 2727, 2728, 2730, 2775, 2784, 2792, 2794, 2810, 2822, 2828, 2868, 2872, 2898, 2945, 2978, 3082, 3086, 3112, 3140, 3194, 3222, 3228, 3238, 3279, 3395, 3447, 3493, 3608, 3627, 4316, 4476, 4676, 5642]"
,,,,,,BsmtFullBath,1460,604,int64,4,"[0, 1, 2, 3]"
,,x,-,-,-,BsmtHalfBath,1460,82,int64,3,"[0, 1, 2]"
,,,,,,FullBath,1460,1451,int64,4,"[0, 1, 2, 3]"
,,,,,,HalfBath,1460,547,int64,3,"[0, 1, 2]"
,,,,,,BedroomAbvGr,1460,1454,int64,8,"[0, 1, 2, 3, 4, 5, 6, 8]"
,,,,,,KitchenAbvGr,1460,1459,int64,4,"[0, 1, 2, 3]"
,,,,,x,KitchenQual,1460,1460,object,4,"['Ex', 'Fa', 'Gd', 'TA']"
地上の部屋数,,,,,,TotRmsAbvGrd,1460,1460,int64,12,"[2, 3, 4, 5, 6, 7, 8, 9, 10, 11, 12, 14]"
,,,,,,Functional,1460,1460,object,7,"['Maj1', 'Maj2', 'Min1', 'Min2', 'Mod', 'Sev', 'Typ']"
暖炉有無,,,,,,Fireplaces,1460,770,int64,4,"[0, 1, 2, 3]"
,,,,,x,FireplaceQu,770,770,object,5,"['Ex', 'Fa', 'Gd', 'Po', 'TA']"
,,,,,x,GarageType,1379,1379,object,6,"['2Types', 'Attchd', 'Basment', 'BuiltIn', 'CarPort', 'Detchd']"
,,,,x,x,GarageYrBlt,1379,1379,float64,97,"[1900.0, 1906.0, 1908.0, 1910.0, 1914.0, 1915.0, 1916.0, 1918.0, 1920.0, 1921.0, 1922.0, 1923.0, 1924.0, 1925.0, 1926.0, 1927.0, 1928.0, 1929.0, 1930.0, 1931.0, 1932.0, 1933.0, 1934.0, 1935.0, 1936.0, 1937.0, 1938.0, 1939.0, 1940.0, 1941.0, 1942.0, 1945.0, 1946.0, 1947.0, 1948.0, 1949.0, 1950.0, 1951.0, 1952.0, 1953.0, 1954.0, 1955.0, 1956.0, 1957.0, 1958.0, 1959.0, 1960.0, 1961.0, 1962.0, 1963.0, 1964.0, 1965.0, 1966.0, 1967.0, 1968.0, 1969.0, 1970.0, 1971.0, 1972.0, 1973.0, 1974.0, 1975.0, 1976.0, 1977.0, 1978.0, 1979.0, 1980.0, 1981.0, 1982.0, 1983.0, 1984.0, 1985.0, 1986.0, 1987.0, 1988.0, 1989.0, 1990.0, 1991.0, 1992.0, 1993.0, 1994.0, 1995.0, 1996.0, 1997.0, 1998.0, 1999.0, 2000.0, 2001.0, 2002.0, 2003.0, 2004.0, 2005.0, 2006.0, 2007.0, 2008.0, 2009.0, 2010.0]"
,,,,,x,GarageFinish,1379,1379,object,3,"['Fin', 'RFn', 'Unf']"
,,,,,,GarageCars,1460,1379,int64,5,"[0, 1, 2, 3, 4]"
,,,,x,x,GarageArea,1460,1379,int64,441,"[0, 160, 164, 180, 186, 189, 192, 198, 200, 205, 208, 210, 213, 216, 220, 225, 228, 230, 234, 240, 244, 246, 248, 250, 252, 254, 255, 256, 260, 261, 264, 270, 271, 273, 275, 276, 280, 281, 282, 283, 284, 286, 287, 288, 290, 292, 294, 296, 297, 299, 300, 301, 303, 304, 305, 306, 308, 309, 312, 315, 318, 319, 320, 322, 324, 325, 326, 327, 328, 330, 336, 338, 342, 343, 349, 350, 352, 354, 358, 360, 364, 366, 367, 368, 370, 372, 373, 375, 377, 379, 380, 384, 386, 388, 389, 390, 392, 393, 396, 397, 398, 400, 402, 403, 404, 405, 406, 408, 409, 410, 412, 413, 414, 416, 418, 420, 422, 423, 424, 425, 426, 427, 429, 430, 431, 432, 433, 434, 435, 436, 437, 438, 439, 440, 441, 442, 444, 445, 447, 450, 451, 452, 453, 454, 455, 456, 457, 458, 459, 460, 461, 462, 463, 466, 467, 468, 470, 471, 472, 473, 474, 475, 476, 477, 478, 479, 480, 481, 482, 483, 484, 486, 487, 490, 492, 493, 494, 495, 496, 497, 498, 499, 500, 501, 502, 504, 505, 506, 508, 509, 510, 511, 512, 513, 514, 515, 516, 518, 520, 521, 522, 523, 525, 526, 527, 528, 529, 530, 531, 532, 533, 534, 538, 539, 540, 541, 542, 543, 544, 546, 548, 550, 551, 552, 554, 555, 556, 558, 560, 562, 564, 565, 566, 567, 569, 570, 572, 573, 574, 575, 576, 577, 578, 582, 583, 586, 588, 590, 592, 594, 595, 596, 598, 600, 601, 602, 603, 604, 605, 606, 608, 610, 611, 612, 613, 614, 615, 616, 617, 618, 619, 620, 621, 622, 624, 625, 626, 627, 628, 630, 632, 636, 639, 641, 642, 644, 645, 647, 648, 650, 656, 660, 662, 663, 665, 666, 667, 668, 670, 671, 672, 673, 675, 676, 678, 680, 682, 683, 684, 685, 686, 689, 690, 691, 693, 694, 696, 701, 702, 704, 706, 708, 711, 712, 714, 716, 719, 720, 721, 722, 726, 732, 736, 738, 739, 740, 746, 748, 749, 750, 752, 753, 754, 756, 757, 758, 765, 766, 768, 770, 772, 774, 776, 779, 782, 784, 786, 788, 789, 792, 795, 796, 800, 804, 807, 808, 810, 812, 813, 816, 818, 820, 824, 825, 826, 830, 831, 832, 833, 834, 836, 839, 840, 841, 842, 843, 844, 846, 850, 852, 853, 856, 857, 858, 860, 862, 864, 865, 866, 868, 870, 871, 872, 874, 878, 880, 884, 888, 889, 890, 894, 895, 898, 900, 902, 905, 908, 912, 923, 924, 928, 936, 947, 954, 968, 983, 995, 1014, 1020, 1025, 1043, 1052, 1053, 1069, 1134, 1166, 1220, 1248, 1356, 1390, 1418]"
,,,,,x,GarageQual,1379,1379,object,5,"['Ex', 'Fa', 'Gd', 'Po', 'TA']"
,,,,,x,GarageCond,1379,1379,object,5,"['Ex', 'Fa', 'Gd', 'Po', 'TA']"
私道の舗装,,,,,x,PavedDrive,1460,1460,object,3,"['N', 'P', 'Y']"
,,,x,x,x,WoodDeckSF,1460,699,int64,274,"[0, 12, 24, 26, 28, 30, 32, 33, 35, 36, 38, 40, 42, 44, 45, 48, 49, 52, 53, 55, 56, 57, 58, 60, 63, 64, 66, 68, 70, 72, 74, 78, 80, 81, 84, 85, 86, 87, 88, 89, 90, 92, 95, 96, 97, 98, 100, 103, 104, 105, 106, 108, 110, 112, 113, 114, 115, 116, 117, 120, 121, 122, 123, 124, 125, 126, 127, 128, 132, 133, 135, 136, 138, 139, 140, 141, 142, 143, 144, 145, 146, 147, 148, 149, 150, 153, 154, 155, 156, 158, 159, 160, 161, 162, 164, 165, 166, 168, 169, 170, 171, 172, 173, 175, 176, 177, 178, 179, 180, 181, 182, 183, 184, 185, 186, 187, 188, 190, 192, 194, 195, 196, 197, 198, 199, 200, 201, 202, 203, 206, 207, 208, 209, 210, 212, 214, 215, 216, 218, 219, 220, 222, 224, 227, 228, 229, 232, 233, 234, 235, 236, 237, 238, 239, 240, 241, 242, 243, 245, 248, 250, 252, 253, 255, 256, 257, 260, 261, 262, 263, 264, 265, 268, 269, 270, 272, 276, 278, 280, 283, 288, 289, 290, 292, 294, 295, 296, 298, 300, 301, 302, 303, 304, 305, 306, 307, 309, 312, 314, 315, 316, 320, 321, 322, 324, 325, 326, 327, 328, 333, 335, 340, 342, 344, 349, 351, 352, 353, 355, 356, 361, 362, 364, 365, 366, 367, 370, 371, 379, 380, 382, 384, 390, 392, 394, 400, 402, 403, 404, 406, 409, 414, 416, 418, 421, 426, 431, 436, 439, 441, 448, 466, 468, 474, 476, 486, 495, 500, 503, 509, 511, 517, 519, 536, 550, 574, 576, 586, 635, 668, 670, 728, 736, 857]"
,,,x,x,x,OpenPorchSF,1460,804,int64,202,"[0, 4, 8, 10, 11, 12, 15, 16, 17, 18, 20, 21, 22, 23, 24, 25, 26, 27, 28, 29, 30, 32, 33, 34, 35, 36, 38, 39, 40, 41, 42, 43, 44, 45, 46, 47, 48, 49, 50, 51, 52, 53, 54, 55, 56, 57, 58, 59, 60, 61, 62, 63, 64, 65, 66, 67, 68, 69, 70, 72, 73, 74, 75, 76, 77, 78, 80, 81, 82, 83, 84, 85, 86, 87, 88, 90, 91, 92, 93, 94, 95, 96, 98, 99, 100, 101, 102, 103, 104, 105, 106, 108, 110, 111, 112, 113, 114, 116, 117, 118, 119, 120, 121, 122, 123, 124, 125, 126, 128, 129, 130, 131, 132, 133, 134, 135, 136, 137, 138, 140, 141, 142, 144, 146, 148, 150, 151, 152, 154, 155, 156, 158, 159, 160, 162, 166, 168, 169, 170, 172, 174, 175, 176, 180, 182, 184, 185, 187, 188, 189, 191, 192, 195, 198, 199, 200, 204, 205, 207, 208, 210, 211, 213, 214, 224, 228, 229, 231, 234, 235, 236, 238, 240, 241, 243, 244, 247, 250, 252, 258, 260, 262, 263, 265, 267, 274, 282, 285, 287, 288, 291, 292, 304, 312, 319, 341, 364, 406, 418, 502, 523, 547]"
nonzero件数少ない,,x,-,-,-,EnclosedPorch,1460,208,int64,120,"[0, 19, 20, 24, 30, 32, 34, 36, 37, 39, 40, 42, 44, 48, 50, 52, 54, 56, 60, 64, 67, 68, 70, 77, 80, 81, 84, 87, 90, 91, 94, 96, 98, 99, 100, 102, 105, 108, 112, 114, 115, 116, 120, 123, 126, 128, 129, 130, 134, 136, 137, 138, 140, 143, 144, 145, 148, 150, 154, 156, 158, 160, 162, 164, 168, 169, 170, 172, 174, 176, 177, 180, 183, 184, 185, 189, 190, 192, 194, 196, 198, 200, 202, 205, 208, 210, 212, 214, 216, 218, 220, 221, 224, 226, 228, 230, 234, 236, 239, 240, 242, 244, 248, 252, 254, 259, 264, 268, 272, 275, 280, 286, 291, 293, 294, 301, 318, 330, 386, 552]"
nonzero件数少ない,,x,-,-,-,3SsnPorch,1460,24,int64,20,"[0, 23, 96, 130, 140, 144, 153, 162, 168, 180, 182, 196, 216, 238, 245, 290, 304, 320, 407, 508]"
nonzero件数少ない,,x,-,-,-,ScreenPorch,1460,116,int64,76,"[0, 40, 53, 60, 63, 80, 90, 95, 99, 100, 116, 119, 120, 122, 126, 128, 130, 140, 142, 143, 144, 145, 147, 152, 153, 154, 155, 156, 160, 161, 163, 165, 168, 170, 175, 176, 178, 180, 182, 184, 185, 189, 190, 192, 197, 198, 200, 204, 210, 216, 220, 222, 224, 225, 233, 234, 252, 259, 260, 263, 265, 266, 271, 273, 276, 287, 288, 291, 312, 322, 374, 385, 396, 410, 440, 480]"
nonzero件数少ない,,x,-,-,-,PoolArea,1460,7,int64,8,"[0, 480, 512, 519, 555, 576, 648, 738]"
"71,72,73のいずれかが入っていることを特徴量ともできそう",,x,-,-,-,PoolQC,7,7,object,3,"['Ex', 'Fa', 'Gd']"
,,x,-,-,-,Fence,281,281,object,4,"['GdPrv', 'GdWo', 'MnPrv', 'MnWw']"
,,x,-,-,-,MiscFeature,54,54,object,4,"['Gar2', 'Othr', 'Shed', 'TenC']"
,,x,-,-,-,MiscVal,1460,52,int64,21,"[0, 54, 350, 400, 450, 480, 500, 560, 600, 620, 700, 800, 1150, 1200, 1300, 1400, 2000, 2500, 3500, 8300, 15500]"
年月結合してみても相関なさそうなので削除,,x,-,-,-,MoSold,1460,1460,int64,12,"[1, 2, 3, 4, 5, 6, 7, 8, 9, 10, 11, 12]"
年月結合してみても相関なさそうなので削除,,x,-,-,-,YrSold,1460,1460,int64,5,"[2006, 2007, 2008, 2009, 2010]"
,,,,,x,SaleType,1460,1460,object,9,"['COD', 'CWD', 'Con', 'ConLD', 'ConLI', 'ConLw', 'New', 'Oth', 'WD']"
,,,,,x,SaleCondition,1460,1460,object,6,"['Abnorml', 'AdjLand', 'Alloca', 'Family', 'Normal', 'Partial']"